<?xml version="1.0" encoding="UTF-8" standalone="yes"?>
<addon id="Yonn1981_Repo" name="Yonn1981 Repo" version="1.00" provider-name="Yonn1981">
    <extension point="xbmc.addon.repository" name="Yonn1981 Repo">
        <dir>
            <info compressed="false">https://raw.githubusercontent.com/Yonn1981/Repo/master/repo/zips/addons.xml</info>
            <checksum>https://raw.githubusercontent.com/Yonn1981/Repo/master/repo/zips/addons.xml.md5</checksum>
            <datadir zip="true">https://raw.githubusercontent.com/Yonn1981/Repo/master/repo/zips/</datadir>
        </dir>
    </extension>
    <extension point="xbmc.addon.metadata">
        <summary>Yonn1981 Repo</summary>
        <description>Persoanl Kodi Repository</description>
        <disclaimer></disclaimer>
        <platform>all</platform>
        <assets>
            <icon>icon.png</icon>
            <fanart>fanart.jpg</fanart>
        </assets>
    </extension>
</addon>