{
    "sites": {
        "aflamfree": {
            "label": "Aflamfree",
            "active": "True",
            "url": "https://www.aflamfree.top/"
        },
        "aflaam": {
            "label": "Aflaam",
            "active": "True",
            "url": "https://aflaam.com/"
        },
        "ahdaf": {
            "label": "Ahdaf",
            "active": "True",
            "url": "https://www.ahdaf-kooora.com/"
        },
        "akwam": {
            "label": "Akwam",
            "active": "True",
            "url": "https://akwam.cz/"
        },
        "akwameg": {
            "label": "AkwamEg",
            "active": "True",
            "url": "https://redirect.khsm.io/watch/137111"
        },
        "alarab": {
            "label": "Alarab",
            "active": "True",
            "url": "https://vod2.alarab.com/"
        },
        "alarabiya": {
            "label": "Alarabiya",
            "active": "True",
            "url": "https://www.alarabiya.net/"
        },
        "alfajertv": {
            "label": "Alfajertv",
            "active": "True",
            "url": "https://show.alfajertv.com/"
        },
        "aljazeera": {
            "label": "Aljazeera",
            "active": "True",
            "url": "https://www.aljazeera.net/"
        },
        "alwanfilm": {
            "label": "Alwanfilm",
            "active": "True",
            "url": "https://alwanfilm.com/"
        },
        "animeblkom": {
            "label": "Animeblkom",
            "active": "True",
            "url": "https://animeblkom.net/"
        },
        "animeup": {
            "label": "Anime4up",
            "active": "True",
            "url": "https://w1.anime4up.tv/"
        },
        "animezid": {
            "label": "Animezid",
            "active": "True",
            "url": "https://animezid.net/"
        },
        "arabsciences": {
            "label": "Arabsciences",
            "active": "True",
            "url": "https://arabsciences.com/"
        },
        "arabseed": {
            "label": "Arabseed",
            "active": "True",
            "url": "https://arbsd1.mom/"
        },
        "aracinema_co": {
            "label": "Aramosalsal",
            "active": "True",
            "url": "https://aradramtv.com/"
        },
        "arbcinema": {
            "label": "Arbcinema",
            "active": "True",
            "url": "https://ok.arbcinema.com/"
        },
        "arblionz": {
            "label": "Arblionz",
            "active": "True",
            "url": "https://arlionztv.site/"
        },
        "asiaarabs": {
            "label": "Asia4arabs",
            "active": "True",
            "url": "https://www.asia4arabs.com/"
        },
        "awaan": {
            "label": "Awaan",
            "active": "False",
            "url": "https://www.awaan.ae/"
        },
        "beinmatch": {
            "label": "Beinmatch",
            "active": "True",
            "url": "https://beinmatch.biz/"
        },
        "beinsports_net": {
            "label": "Beinsports",
            "active": "True",
            "url": "https://www.beinsports.com/ar/"
        },
        "btolat": {
            "label": "Btolat",
            "active": "True",
            "url": "https://www.btolat.com/"
        },
        "cartoonrbi": {
            "label": "CartoonArbi",
            "active": "True",
            "url": "https://www.arteenz.com/"
        },
        "cdrama": {
            "label": "Cdrama",
            "active": "True",
            "url": "https://cdrama.in/"
        },
        "ciimalight": {
            "label": "Ciimalight",
            "active": "True",
            "url": "https://ce.cimalight.vip/"
        },
        "cimaclub": {
            "label": "Cimaclub",
            "active": "True",
            "url": "https://ciimaclub.beauty/"
        },
        "cimacity": {
            "label": "CimaCity",
            "active": "True",
            "url": "https://s.cima-city.com/"
        },
        "cimanow": {
            "label": "Cimanow",
            "active": "True",
            "url": "https://y.cimanow.cc/"
        },
        "cimau": {
            "label": "Cima4u",
            "active": "True",
            "url": "https://cima4u2.monster/"
        },
        "daddyhd": {
            "label": "DaddyHD",
            "active": "True",
            "url": "https://daddylivehd.sx/"
        },
        "detectiveconanar": {
            "label": "Detectiveconanar",
            "active": "True",
            "url": "https://detectiveconanar.com/"
        },
        "docarabic": {
            "label": "Docarabic",
            "active": "True",
            "url": "https://docarabic.wordpress.com/"
        },
        "dramacafe": {
            "label": "Dramacafe",
            "active": "True",
            "url": "https://wwi.dramacafe-tv.com/"
        },
        "jawaltv": {
            "label": "jawaltv",
            "active": "False",
            "url": "http://jawaltv.com"
        },
        "egyclub": {
            "label": "Egyclub",
            "active": "True",
            "url": "https://www.egy-club.com/"
        },
        "egydead": {
            "label": "Egydead",
            "active": "True",
            "url": "https://w7.egydead.live/"
        },
        "ehna": {
            "label": "Ehna",
            "active": "True",
            "url": "https://e7nna.online/"
        },
        "esseq": {
            "label": "Esseq",
            "active": "True",
            "url": "https://es.e3sk.net/"
        },
        "esseqeg": {
            "label": "Esseq Egypt",
            "active": "True",
            "url": "https://eyshq.net/"
        },
        "fansubs": {
            "label": "Fansubstv",
            "active": "False",
            "url": "https://fansubs.tv/"
        },
        "faselhd": {
            "label": "Faselhd",
            "active": "True",
            "url": "https://www.faselhd.ac/"
        },
        "fnteam": {
            "label": "Fnteam",
            "active": "True",
            "url": "https://www.fn-team.com/"
        },
        "fushaar": {
            "label": "Fushaar",
            "active": "True",
            "url": "https://www.fushaar.com/"
        },
        "gateanime": {
            "label": "Gateanime",
            "active": "True",
            "url": "https://c.gateanime.com/"
        },
        "geoarabic": {
            "label": "Geoarabic",
            "active": "True",
            "url": "https://www.geoarabic.com/"
        },
        "halacima": {
            "label": "Halacima",
            "active": "True",
            "url": "https://halacima.website/"
        },
        "hidaya": {
            "label": "Hidaya",
            "active": "True",
            "url": "https://hidaya.tn/"
        },
        "honadrama": {
            "label": "Honadrama",
            "active": "True",
            "url": "https://honadrama.us/"
        },
        "katkoute": {
            "label": "Katkoute",
            "active": "True",
            "url": "https://www.katkoute.com/"
        },
        "koralive": {
            "label": "Koralive",
            "active": "True",
            "url": "https://koora.360kora.live"
        },
        "laroza": {
            "label": "Laroza",
            "active": "True",
            "url": "https://sa.llarozavideo.store/"
        },
        "lodynet": {
            "label": "Lodynet",
            "active": "True",
            "url": "https://lodynet.link/"
        },
        "movizland": {
            "label": "Movizland",
            "active": "True",
            "url": "https://eg.movizland.info/"
        },
        "pakistani": {
            "label": "Pakistani",
            "active": "True",
            "url": "https://pakistani-live.net/"
        },
        "prstej": {
            "label": "3RBVideo",
            "active": "True",
            "url": "https://as.3rb.lol/"
        },
        "rotana": {
            "label": "Rotana",
            "active": "True",
            "url": "https://rotana.net/"
        },
        "s3uditv": {
            "label": "S3uditv",
            "active": "True",
            "url": "https://eg.s3udi.tv:82/"
        },
        "shooflive": {
            "label": "Shooflive",
            "active": "True",
            "url": "https://r.shooflive.co/"
        },
        "shoofvod": {
            "label": "Shoofvod",
            "active": "True",
            "url": "http://shoofvod.com/"
        },
        "spacepowerfan": {
            "label": "Spacepowerfan",
            "active": "True",
            "url": "https://spacepowerfan.com/"
        },
        "stardima": {
            "label": "Stardima",
            "active": "True",
            "url": "https://www.stardima.co/watch/"
        },
        "themoviedb_org": {
            "label": "The Movie Database",
            "active": "True",
            "url": "https://www.themoviedb.org/"
        },
        "toonsland": {
            "label": "Toonsland",
            "active": "True",
            "url": "https://www.toonsland.site/"
        },
        "topimdb": {
            "label": "Top IMDB",
            "active": "True",
            "url": "https://www.imdb.com/"
        },
        "tuktukcinema": {
            "label": "Tuktukcinema",
            "active": "True",
            "url": "https://w.tuktukcinema.co/"
        },
        "tvfun": {
            "label": "Tvfun",
            "active": "True",
            "url": "https://m.tvfun.me/"
        },
        "tvnine": {
            "label": "Tv96",
            "active": "True",
            "url": "https://www.tv96.tv/"
        },
        "watanflix": {
            "label": "Watanflix",
            "active": "True",
            "url": "https://watanflix.com/"
        },
        "mycima": {
            "label": "Wecima",
            "active": "True",
            "url": "https://wecima.tube/"
        },
        "witanime": {
            "label": "WitAnime",
            "active": "True",
            "url": "https://witanime.com/"
        },
        "xsanime": {
            "label": "Xsanime",
            "active": "True",
            "url": "https://v.xsanime.com/"
        },
        "yallalive": {
            "label": "Yallalive",
            "active": "True",
            "url": "https://yallalive.id/"
        }
    }
}