{
    "sites": {
        "aflamfree": {
            "label": "Aflamfree",
            "active": "True",
            "url": "https://www.aflamfree.top/"
        },
        "_4kstreamz": {
            "label": "4kstreamz",
            "active": "True",
            "url": "https://www.4kstreamz.net/"
        },
        "ahdaf": {
            "label": "Ahdaf",
            "active": "True",
            "url": "https://www.ahdaf-kooora.com/"
        },
        "akoam": {
            "label": "Akoam",
            "active": "True",
            "url": "https://old.akwam.to/"
        },
        "akwam": {
            "label": "Akwam",
            "active": "True",
            "url": "https://to.akwam.us/"
        },
        "alarab": {
            "label": "Alarab",
            "active": "True",
            "url": "https://vod2.alarab.com/"
        },
        "alarabclub": {
            "label": "Alarabclub",
            "active": "True",
            "url": "https://alarabclub.live/"
        },
        "alarabiya": {
            "label": "Alarabiya",
            "active": "True",
            "url": "https://www.alarabiya.net/"
        },
        "alfajertv": {
            "label": "Alfajertv",
            "active": "True",
            "url": "https://show.alfajertv.com"
        },
        "aljazeera": {
            "label": "Aljazeera",
            "active": "True",
            "url": "https://www.aljazeera.net/"
        },
        "alwanfilm": {
            "label": "Alwanfilm",
            "active": "True",
            "url": "https://alwanfilm.com/"
        },
        "animeblkom": {
            "label": "Animeblkom",
            "active": "True",
            "url": "https://animeblkom.net/"
        },
        "animeup": {
            "label": "Anime4up",
            "active": "True",
            "url": "https://anime4up.tv/"
        },
        "animeultime": {
            "label": "Anime Ultime",
            "active": "True",
            "url": "http://www.anime-ultime.net/"
        },
        "animezid": {
            "label": "Animezid",
            "active": "True",
            "url": "https://animezid.net/"
        },
        "arabsciences": {
            "label": "Arabsciences",
            "active": "True",
            "url": "https://arabsciences.com/"
        },
        "aracinema_co": {
            "label": "Aramosalsal",
            "active": "True",
            "url": "https://aradramtv.com/"
        },
        "arbcinema": {
            "label": "Arbcinema",
            "active": "True",
            "url": "https://ok.arbcinema.com/"
        },
        "arblionz": {
            "label": "Arblionz",
            "active": "True",
            "url": "https://tv.arlionztv.store/"
        },
        "arabseed": {
            "label": "Arabseed",
            "active": "True",
            "url": "https://a.arabseed.ink"
        },
        "asiaarabs": {
            "label": "Asia4arabs",
            "active": "True",
            "url": "https://www.asia4arabs.com/"
        },
        "awaan": {
            "label": "Awaan",
            "active": "True",
            "url": "https://www.awaan.ae/"
        },
        "beinmatch": {
            "label": "Beinmatch",
            "active": "True",
            "url": "https://beinmatch.biz/"
        },
        "beinsports_net": {
            "label": "Beinsports",
            "active": "True",
            "url": "https://www.beinsports.com/ar/"
        },
        "btolat": {
            "label": "Btolat",
            "active": "True",
            "url": "https://www.btolat.com/"
        },
        "cartoonrbi": {
            "label": "CartoonArbi",
            "active": "True",
            "url": "https://www.arteenz.com/"
        },
        "cdrama": {
            "label": "Cdrama",
            "active": "True",
            "url": "https://cdrama.in/"
        },
        "cimaclub": {
            "label": "Cimaclub",
            "active": "True",
            "url": "https://ciima-clup.life/"
        },
        "cimanow": {
            "label": "Cimanow",
            "active": "True",
            "url": "https://cimanow.cc/"
        },
        "cimau": {
            "label": "Cima4u",
            "active": "True",
            "url": "https://cima4uu.world/"
        },
        "daddyhd": {
            "label": "DaddyHD",
            "active": "True",
            "url": "https://daddyhd.com/"
        },
        "detectiveconanar": {
            "label": "Detectiveconanar",
            "active": "True",
            "url": "https://detectiveconanar.com/"
        },
        "docarabic": {
            "label": "Docarabic",
            "active": "True",
            "url": "https://docarabic.wordpress.com/"
        },
        "egyclub": {
            "label": "Egyclub",
            "active": "True",
            "url": "https://www.egy-club.com/"
        },
        "egydead": {
            "label": "Egydead",
            "active": "True",
            "url": "https://w4.egydead.live/"
        },
        "ehna": {
            "label": "Ehna",
            "active": "True",
            "url": "https://e7nna.online/"
        },
        "esseq": {
            "label": "Esseq",
            "active": "True",
            "url": "https://ee.e3sk.net"
        },
        "familymoviz": {
            "label": "Familymoviz",
            "active": "True",
            "url": "https://www.familymoviz.net/"
        },
        "fansubs": {
            "label": "Fansubstv",
            "active": "True",
            "url": "https://fansubs.tv/"
        },
        "faselhd": {
            "label": "Faselhd",
            "active": "True",
            "url": "https://www.faselhd.club/"
        },
        "fnteam": {
            "label": "Fnteam",
            "active": "True",
            "url": "https://www.fn-team.com/"
        },
        "gateanime": {
            "label": "Gateanime",
            "active": "True",
            "url": "https://c.gateanime.com/"
        },
        "geoarabic": {
            "label": "Geoarabic",
            "active": "True",
            "url": "https://www.geoarabic.com/"
        },
        "halacima": {
            "label": "Halacima",
            "active": "True",
            "url": "https://halacima.us/"
        },
        "hidaya": {
            "label": "Hidaya",
            "active": "True",
            "url": "https://hidaya.tn/"
        },
        "katkoute": {
            "label": "Katkoute",
            "active": "True",
            "url": "https://www.katkoute.com/"
        },
        "koralive": {
            "label": "Koralive",
            "active": "True",
            "url": "https://cool.360kora.live"
        },
        "lodynet": {
            "label": "Lodynet",
            "active": "True",
            "url": "https://n.lodynet.ink/"
        },
        "movizland": {
            "label": "Movizland",
            "active": "True",
            "url": "https://eg.movizland.date/"
        },
        "mycima": {
            "label": "Mycima",
            "active": "True",
            "url": "https://myciiima.autos/"
        },
        "pakistani": {
            "label": "Pakistani",
            "active": "True",
            "url": "https://pakistani-live.net/"
        },
        "prstej": {
            "label": "Prstej",
            "active": "True",
            "url": "https://v.3rb.tv/"
        },
        "rotana": {
            "label": "Rotana",
            "active": "True",
            "url": "https://rotana.net/"
        },
        "shahidu": {
            "label": "Shahid4u",
            "active": "True",
            "url": "https://shaheed4u.info/"
        },
        "shooflive": {
            "label": "Shooflive",
            "active": "True",
            "url": "https://r.shooflive.co/"
        },
        "shoofvod": {
            "label": "Shoofvod",
            "active": "True",
            "url": "http://shoofvod.com/"
        },
        "spacepowerfan": {
            "label": "Spacepowerfan",
            "active": "True",
            "url": "https://spacepowerfan.com/"
        },
        "stardima": {
            "label": "Stardima",
            "active": "True",
            "url": "https://www.stardima.co/watch/"
        },
        "themoviedb_org": {
            "label": "The Movie Database",
            "active": "True",
            "url": "https://www.themoviedb.org/"
        },
        "toonsland": {
            "label": "Toonsland",
            "active": "True",
            "url": "https://www.toonsland.site/"
        },
        "topimdb": {
            "label": "Top IMDB",
            "active": "True",
            "url": "https://www.imdb.com/"
        },
        "tuktukcinema": {
            "label": "Tuktukcinema",
            "active": "True",
            "url": "https://w.tuktukcinema.net/"
        },
        "tvfun": {
            "label": "Tvfun",
            "active": "True",
            "url": "https://m.tvfun.me/"
        },
        "tvnine": {
            "label": "Tvninesix",
            "active": "True",
            "url": "https://www.tv96.tv"
        },
        "watanflix": {
            "label": "Watanflix",
            "active": "True",
            "url": "http://watanflix.com/"
        },
        "xsanime": {
            "label": "Xsanime",
            "active": "True",
            "url": "https://v.xsanime.com/"
        },
        "yallalive": {
            "label": "Yallalive",
            "active": "True",
            "url": "https://hd.yallalive.is/"
        }
    }
}