<?xml version="1.0" encoding="UTF-8" standalone="yes"?>
<addon id="plugin.video.matrix" name="matrix" version="5.6.9a3" provider-name="zombi">
    <requires>

        <trycatch>
            <try>
                <import addon="xbmc.python" version="3.0.0"/>
            </try>

            <catch>
                <import addon="xbmc.python" version="2.24.0"/>
            </catch>
        </trycatch>
        <import addon="Yonn1981_Repo"/>
        <import addon="script.module.pyqrcode"/>
        <import addon="script.kodi.loguploader"/>
        <import addon="script.module.requests"/>
        <import addon="script.module.resolveurl" version="5.1.00"/>
        <import addon="script.module.dnspython" optional="true"/>
        <!-- Pour le DEBUG        <import addon="script.module.pydevd" version="4.4.0"/> -->
    </requires>

    <extension point="xbmc.python.pluginsource" library="default.py">
        <provides>video</provides>
    </extension>
 
    <extension point="kodi.context.item">
        <menu id="kodi.core.main">
            <item library="resources/lib/gui/menuInformation.py">
		        <label>[COLOR lightcoral]$ADDON[plugin.video.matrix 30208][/COLOR]</label>
				<visible>Window.IsVisible(home) + ListItem.Property(sMeta)</visible>
            </item>
            <item library="resources/lib/gui/menuAddBookmark.py">
		        <label>[COLOR lightcoral]$ADDON[plugin.video.matrix 30210][/COLOR]</label>
				<visible>Window.IsVisible(home) + !ListItem.Property(isBookmark) + ListItem.Property(sMeta)</visible>
            </item>
            <item library="resources/lib/gui/menuSimil.py">
		        <label>[COLOR lightcoral]$ADDON[plugin.video.matrix 30213][/COLOR]</label>
				<visible>Window.IsVisible(home) + ListItem.Property(sMeta)</visible>
            </item>
            <item library="resources/lib/gui/menuDelBookmark.py">
		        <label>$ADDON[plugin.video.matrix 30412]</label>
				<visible>Window.IsVisible(home) + ListItem.Property(isBookmark)</visible>
            </item>
            <item library="resources/lib/gui/menuDelViewing.py">
		        <label>$ADDON[plugin.video.matrix 30412]</label>
				<visible>Window.IsVisible(home) + ListItem.Property(isViewing)</visible>
            </item>
		</menu>
    </extension>

    <extension point="xbmc.service" library="service.py"/>
    <extension point="xbmc.addon.metadata">
        <summary lang="fr_FR">Matrix is an arabic addon</summary>
        <description lang="fr_FR">Matrix lets u access arabic video websites in a beautiful and easy way</description>
        <disclaimer lang="fr_FR">This add-on doesn’t host any content of any kind. It only shows content from websites available online. All this add-on does is make simple HTTP requests to retrieve and display content just like any web browser would do!</disclaimer>
        <summary lang="fr_CA">Matrix is an arabic addon</summary>
        <description lang="fr_CA">Matrix lets u access arabic video websites in a beautiful and easy way</description>
        <disclaimer lang="fr_CA">This add-on doesn’t host any content of any kind. It only shows content from websites available online. All this add-on does is make simple HTTP requests to retrieve and display content just like any web browser would do!</disclaimer>
        <summary lang="en_GB">Matrix is an arabic addon</summary>
        <description lang="en_GB">Matrix lets u access arabic video websites in a beautiful and easy way</description>
        <disclaimer lang="en_GB">Matrix is an arabic addon</disclaimer>
        <summary lang="en_NZ">Matrix lets u access arabic video websites in a beautiful and easy way</summary>
        <description lang="en_NZ">Matrix lets u access arabic video websites in a beautiful and easy way</description>
        <disclaimer lang="en_NZ">This add-on doesn’t host any content of any kind. It only shows content from websites available online. All this add-on does is make simple HTTP requests to retrieve and display content just like any web browser would do!</disclaimer>
        <summary lang="en_US">Matrix is an arabic addon</summary>
        <description lang="en_US">Matrix lets u access arabic video websites in a beautiful and easy way</description>
        <disclaimer lang="en_US">This add-on doesn’t host any content of any kind. It only shows content from websites available online. All this add-on does is make simple HTTP requests to retrieve and display content just like any web browser would do!</disclaimer>
        <platform>all</platform>
        <license>GNU GENERAL PUBLIC LICENSE</license>
        <forum>https://github.com/zombiB/zombi-addons/issues</forum>
        <source>https://github.com/zombiB/zombi-addons/issues</source>
        <assets>
            <icon>icon.png</icon>
            <fanart>fanart.jpg</fanart>
            <screenshot>screenshot-01.jpg</screenshot>
            <screenshot>screenshot-02.jpg</screenshot>
            <screenshot>screenshot-03.jpg</screenshot>
            <screenshot>screenshot-04.jpg</screenshot>
        </assets>
    </extension>
</addon>
